
INSERT INTO Account(User_Name, Password,Accounbt_type)
VALUES('Admin', '5Eq62trS', 'Admin');
INSERT INTO Account(User_Name, Password,Accounbt_type)
VALUES('coach01', 'D23jk2N8', 'Coach');
INSERT INTO Account(User_Name, Password,Accounbt_type)
VALUES('henry_jones', 'pass1234', 'Swimmer');
INSERT INTO Account(User_Name, Password,Accounbt_type)
VALUES('tim_conway', '123456', 'Swimmer');
INSERT INTO Account(User_Name, Password,Accounbt_type)
VALUES('lahney_boyles', 'newswimmer2014', 'Swimmer');
INSERT INTO Account(User_Name, Password,Accounbt_type)
VALUES('bill_dereks', 'password', 'Swimmer');
INSERT INTO Account(User_Name, Password,Accounbt_type)
VALUES('megan_tisdale', 'newswimmer2009', 'Swimmer');
INSERT INTO Account(User_Name, Password,Accounbt_type)
VALUES('ginger_kelly', 'newswimmer2009', 'Swimmer');
INSERT INTO Account(User_Name, Password,Accounbt_type)
VALUES('jayne_robinson', 'newswimmer2010', 'Swimmer');
INSERT INTO Account(User_Name, Password,Accounbt_type)
VALUES('billy_hubbard', 'newswimmer2013', 'Swimmer');
INSERT INTO Account(User_Name, Password,Accounbt_type)
VALUES('nicole_richards', 'newswimmer2014', 'Swimmer');
INSERT INTO Account(User_Name, Password,Accounbt_type)
VALUES('adam_williams', 'mastercode23', 'Swimmer');


INSERT INTO Swimmer(User_Name, Fname, Lname, Email, Home_Address, Subscription_Date, Gender, DoB, Status)
VALUES('henry_jones','Henry','Jones','henryjones4875@gmail.com','123 Main Street,Danvers, Ma,','2012-05-01','Male','1955-05-01', 'Active');
INSERT INTO Swimmer(User_Name, Fname, Lname, Email, Home_Address, Subscription_Date, Gender, DoB, Status)
VALUES('tim_conway','Tim','Conway','tconway7421@hotmail.com','123 Main Street,Danvers, Ma,','2012-05-01','Male','1967-06-10', 'Active');
INSERT INTO Swimmer(User_Name, Fname, Lname, Email, Home_Address, Subscription_Date, Gender, DoB, Status)
VALUES('lahney_boyles','Lainey','Boyles','lahney_boyles_01@aol.com','123 Main Street,Salem, Ma,','2012-05-01','Female','1993-11-17', 'Active');
INSERT INTO Swimmer(User_Name, Fname, Lname, Email, Home_Address, Subscription_Date, Gender, DoB, Status)
VALUES('bill_dereks','Bill','Dereks','henryjones4875@gmail.com','123 Main Street,Salem, Ma,','2012-05-01','Male','1981-05-14', 'Active');
INSERT INTO Swimmer(User_Name, Fname, Lname, Email, Home_Address, Subscription_Date, Gender, DoB, Status)
VALUES('megan_tisdale','Megan','Tisdale','mtisdale2841@gmail.com','123 Main Street,Swampscott, Ma,','2012-05-01','Female','1994-08-22', 'Active');
INSERT INTO Swimmer(User_Name, Fname, Lname, Email, Home_Address, Subscription_Date, Gender, DoB, Status)
VALUES('ginger_kelly','Ginger','Kelly','g_kelly@outlook.com','123 Main Street, Lynn, Ma,','2012-05-01','Female','1975-02-26', 'Active');
INSERT INTO Swimmer(User_Name, Fname, Lname, Email, Home_Address, Subscription_Date, Gender, DoB, Status)
VALUES('jayne_robinson','Jayne','Robinson','jrobinson@live.com','123 Main Street,Salem, Ma,','2012-05-01','Female','1949-10-12', 'Inactive');
INSERT INTO Swimmer(User_Name, Fname, Lname, Email, Home_Address, Subscription_Date, Gender, DoB, Status)
VALUES('billy_hubbard','Billy','Hubbard','bhubbard@gmail.com','123 Main Street,Danvers, Ma,','2012-05-01','Male','1989-05-03', 'Active');
INSERT INTO Swimmer(User_Name, Fname, Lname, Email, Home_Address, Subscription_Date, Gender, DoB, Status)
VALUES('nicole_richards','Nicole','Richards','nrichards0284@gmail.com','123 Main Street,Peabody, Ma,','2012-05-01','Female','1996-03-06', 'Active');
INSERT INTO Swimmer(User_Name, Fname, Lname, Email, Subscription_Date, Gender, DoB, Status)
VALUES('adam_williams','Adam','Williams','adamrules@hotmail.com','2012-05-01','Male','1996-11-19', 'Active');

INSERT INTO Coach(User_Name)
VALUES('coach01');


INSERT INTO Stroke(Stroke_Num, Stroke_Type, Distance)
VALUES('', '');


INSERT INTO Records(Record_Date, Record_Time)
VALUES('2000-02-29', '10:15:00');
INSERT INTO Records(Record_Date, Record_Time)
VALUES('2000-09-05', '15:07:00');
INSERT INTO Records(Record_Date, Record_Time)
VALUES('2003-06-15', '11:07:00');
INSERT INTO Records(Record_Date, Record_Time)
VALUES('2004-08-22', '11:07:00');
INSERT INTO Records(Record_Date, Record_Time)
VALUES('2009-05-31', '11:07:00');
INSERT INTO Records(Record_Date, Record_Time)
VALUES('2012-08-10', '11:07:00');
INSERT INTO Records(Record_Date, Record_Time)
VALUES('2013-10-28', '11:07:00');
INSERT INTO Records(Record_Date, Record_Time)
VALUES('2013-04-18', '11:07:00');
INSERT INTO Records(Record_Date, Record_Time)
VALUES('2013-12-12', '11:07:00');
INSERT INTO Records(Record_Date, Record_Time)
VALUES('2014-01-11', '11:07:00');


INSERT INTO Swims(Swimmer_ID, Record_ID, )
VALUES(,);
NSERT INTO Swims(Swimmer_ID, Record_ID)
VALUES(,);
NSERT INTO Swims(Swimmer_ID, Record_ID)
VALUES(,);
NSERT INTO Swims(Swimmer_ID, Record_ID)
VALUES(,);
NSERT INTO Swims(Swimmer_ID, Record_ID)
VALUES(,);
NSERT INTO Swims(Swimmer_ID, Record_ID)
VALUES(,);